,time,text,deaths,death_score,injuries,injury_score,location,location_score,tweet_loc
0,2021-10-08T16:32:06.000Z,"Today is the 16th anniversary of 2005 Kashmir #earthquake\n\nThere can't be a bigger tragedy than this earthquake which resulted in the death of more than 70,000 people. https://t.co/1tKIOpTcns",70000,"{'70': {'70': 0.6392423510551453, 'none': 0.11550873517990112, '7': 0.057180970907211304, '700': 0.01612863317131996, 'more': 0.013903751038014889}, ',': {',': 0.9303895235061646, '|': 0.008979806676506996, 'k': 0.006939057260751724, 'K': 0.005404143128544092, '63': 0.002654425799846649}, '000': {'000': 0.9856727123260498, '00': 0.0015651972498744726, '0000': 0.0008711635018698871, '200': 0.0008183823665603995, '500': 0.0007932033622637391}}",5000,"{'5000': {'none': 0.20586320757865906, '5000': 0.0987742468714714, '6000': 0.06735818088054657, '70': 0.054976142942905426, '4000': 0.041823647916316986}}",Kashmir,"{'K': {'K': 0.6107715964317322, 'India': 0.15442724525928497, 'J': 0.05592983961105347, 'Pakistan': 0.048592690378427505, 'S': 0.03843998163938522}, 'ash': {'ash': 0.9948281645774841, 'erala': 0.0006741484394297004, 'az': 0.0006432769005186856, 'ASH': 0.0005676898872479796, 'ath': 0.00031844517798162997}, 'mir': {'mir': 0.9990806579589844, 'mire': 0.00019096511823590845, 'm': 0.00014641802408732474, 'imir': 0.00010712173389038071, 'gar': 0.00010546096018515527}}","[69.328873, 27.708226, 75.382124, 34.019989]"
1,2021-10-08T15:55:03.000Z,Scores of civilian casualties as a result of horrific attack during a pray congregation in #Kunduz earlier today. @ICRC_af team in Kunduz urgently provided medical supplies to the hospital to help treat the influx of wounded civilians. \n\nCivilians must not be targeted. https://t.co/jEJS6FVyOy,-1,"{'3': {'none': 0.2069106549024582, '4000': 0.04800713434815407, '5000': 0.045452237129211426, '1000': 0.03918227553367615, '6000': 0.037681229412555695}, '103': {'0000': 0.41246217489242554, '|': 0.22425179183483124, '200': 0.07810717821121216, '100': 0.06680861860513687, ',': 0.024770278483629227}}",1486,"{'K': {'Af': 0.48491203784942627, 'K': 0.46999287605285645, 'N': 0.006200267933309078, '#': 0.0047169155441224575, 'U': 0.0027946799527853727}, 'und': {'und': 0.973663866519928, 'UN': 0.009108345955610275, 'abul': 0.006358650512993336, 'un': 0.0032476806081831455, 'and': 0.001909213257022202}, 'uz': {'uz': 0.9999011754989624, 'oz': 3.3735028409864753e-05, 'ur': 1.805705869628582e-05, 'us': 1.1477765838208143e-05, 'u': 9.079660230781883e-06}}",3103,"{'K': {'\n': 0.9267475008964539, '<|endoftext|>': 0.04835435003042221, '\n\n': 0.014747243374586105, ' ': 0.0020114758517593145, ' #': 0.0017205063486471772}, 'und': {'und': 0.4525600075721741, 'abul': 0.21377421915531158, 'UN': 0.09194314479827881, 'un': 0.03773339092731476, 'AB': 0.029386794194579124}, 'uz': {'uz': 0.9995655417442322, 'oz': 0.00027798747760243714, 'us': 2.7957934435107745e-05, 'ur': 2.7957934435107745e-05, 'u': 2.545598727010656e-05}}","[60.4784431, 29.3774719, 74.879448, 38.4834175]"
2,2021-10-07T03:34:13.000Z,"The death toll was expected to rise as officials search through the remote mountainous area, said Suhail Anwar Shaheen, the deputy commissioner of the area.\n#earthquake https://t.co/aBBefq2v5v",6000,"{'6000': {'none': 0.28629037737846375, '4000': 0.17364388704299927, '4': 0.0521373488008976, '400': 0.049362655729055405, '6000': 0.03392641991376877}}",4000,"{'4000': {'4000': 0.5036239624023438, '4': 0.08683566749095917, '400': 0.0681580901145935, '40': 0.052258625626564026, 'none': 0.049092430621385574}}",Nepal,"{'N': {'Pakistan': 0.32943007349967957, 'K': 0.07947871088981628, 'S': 0.045998744666576385, 'India': 0.041556403040885925, 'N': 0.036673400551080704}, 'ep': {'ep': 0.8956626653671265, 'ig': 0.04600793495774269, 'iger': 0.007166653871536255, 'ang': 0.006226496770977974, 'ort': 0.005581395700573921}, 'al': {'al': 0.9966249465942383, 'ali': 0.0008405066328123212, 'ales': 0.0005867681466042995, 'a': 0.0004979837103746831, 'alis': 0.00013828507508151233}}","[60.878613, 23.56037, 75.382124, 36.913557]"
3,2021-10-07T00:50:56.000Z,#Earthquake 5.88 magnitude in #Balochistan.\nMy sincere #Prayers\n Up to 20 ppl thought to have been killed. Several houses destroyed. https://t.co/P0XeyOZWkw,-1,"{' ': {' ': 0.8259251713752747, ' |': 0.16519542038440704, '\n': 0.0012711749877780676, ' 20': 0.0007710066274739802, ' #': 0.0006965464563108981}, ' |': {' ': 0.7919517755508423, ' |': 0.1971323937177658, ' 20': 0.0014250230742618442, '\n': 0.0013386852806434035, ' 0': 0.0007568240980617702}, '20': {'20': 0.6223331689834595, 'none': 0.1356445848941803, '10': 0.02609126642346382, '2000': 0.014982952736318111, '5': 0.014750663191080093}}",20,"{'5000': {'none': 0.3519214987754822, '20': 0.08490502089262009, '5000': 0.07094079256057739, '10': 0.04616205394268036, '4000': 0.0376763716340065}}",5000,"{'Bal': {'Bal': 0.8987829089164734, 'Pakistan': 0.05231543630361557, '#': 0.007655440364032984, 'B': 0.0031912624835968018, '\n': 0.0031664276029914618}, 'uch': {'och': 0.9952536821365356, 'uch': 0.0037033865228295326, 'oc': 0.00025201859534718096, 'uc': 0.00018438075494486839, 'ach': 0.00011096229718532413}, 'istan': {'istan': 0.9988797307014465, 'stan': 0.0002609658695291728, '|': 0.00013122189557179809, 'is': 9.98283430817537e-05, 'ist': 9.451557707507163e-05}}","[69.328873, 27.708226, 75.382124, 34.019989]"
4,2021-10-07T00:24:46.000Z,Emergency situations in Harnai  Balochistan\nSeveral dead and hundreds are injured.Need help from provincial government\n@jam_kamal \n@PDMABalochistan \n #earthquake https://t.co/Nw40UudhUJ,-1,"{' |': {' ': 0.5217413306236267, ' |': 0.4462690055370331, '\n': 0.01236641500145197, ' #': 0.0017402814701199532, ' 1': 0.0015845444286242127}, '0': {'none': 0.1911211460828781, '400': 0.12831266224384308, '300': 0.05307242274284363, '4': 0.042313024401664734, '40': 0.0376339815557003}}",0,"{'200': {'400': 0.1415477842092514, '300': 0.11643403768539429, '100': 0.08321164548397064, '500': 0.0706208124756813, '1000': 0.054999545216560364}}",200,"{'Bal': {'H': 0.7248730063438416, 'Bal': 0.19207224249839783, 'Pakistan': 0.01718108169734478, '\n': 0.012668536975979805, 'N': 0.004733886104077101}, 'och': {'och': 0.9903834462165833, 'uch': 0.008304871618747711, 'uc': 0.00036205092328600585, 'oc': 0.00018636786262504756, 'ouch': 0.0001148179144365713}, 'istan': {'istan': 0.9994162321090698, 'i': 0.00013129237049724907, 'ist': 9.83334393822588e-05, '|': 7.364833436440676e-05, 'stan': 3.398312765057199e-05}}","[60.878613, 24.885104, 70.248871, 32.075554]"
5,2021-09-28T23:07:09.000Z,"@summerbrennan My son has been in hospital for 8 weeks now. His trach was removed yesterday. Hope your dad's will be too! If my son had sustained his injury 4 weeks ago instead of 8, all of this would have been very different. \nIt's sad, it's selfishness, it's tragic. I'll pray for your dad.",-1,"{'none': {'none': 0.5662460327148438, '8': 0.0796857699751854, '4': 0.05065136402845383, '4000': 0.026483679190278053, '1': 0.01806030049920082}}",0,"{'0': {'none': 0.40902405977249146, '8': 0.09342990815639496, '4': 0.07745610922574997, '4000': 0.034640513360500336, '1000': 0.019737569615244865}}",London,"{'London': {'UK': 0.08508531749248505, '\n': 0.07277733087539673, 'England': 0.04590008780360222, 'London': 0.04414168372750282, 'H': 0.041792504489421844}}","[-122.779239, 38.396779, -122.572978, 38.507656]"
6,2021-09-23T16:52:22.000Z,"@steffaniodaniel @FAIRImmigration @BreitbartNews 8/21 Haiti was hit by an earthquake leaving 2,200 dead, 10K homeless. 1week later a Hurricane, killing 14,caused 500mil in damage. 1month b4 they're Pres was killed leaving the isle lawless. Those are refugees fleeing death &amp; devastation, they have nothing left to go back to.",14,"{'14': {'14': 0.26715654134750366, '2': 0.17657969892024994, 'none': 0.1158037930727005, '8': 0.055130865424871445, '10': 0.0482742004096508}}",5000,"{'5000': {'500': 0.3258323669433594, 'none': 0.1296071708202362, '2': 0.10914018005132675, '5000': 0.08238332718610764, '2000': 0.06170225888490677}}",Haiti,"{'H': {'H': 0.8898795247077942, 'Port': 0.017349889501929283, 'Ha': 0.011289789341390133, 'P': 0.009071599692106247, 'HA': 0.006382666993886232}, 'ait': {'ait': 0.9990943670272827, 'ond': 0.00034043678897432983, 'ai': 0.00010796335845952854, 'oll': 0.00010221765842288733, 'av': 6.15156750427559e-05}, 'i': {'i': 0.998018741607666, 'I': 0.0005185452755540609, 'ian': 0.0004166628059465438, 'is': 0.00022128796263132244, 'ia': 0.00014512418420054018}}","[-85.605166, 30.355644, -80.742567, 35.000771]"
7,2021-09-15T12:14:05.000Z,Gosh. This hits home. I was born 4 months after my father was killed in a plane crash. Blake was his name. \n\nI pray Levi Rylee Rose always carries her daddy‚Äôs heroism. She is joy in the midst of unspeakable pain ‚ù§Ô∏è https://t.co/cejgh7SslX,4090,"{'40': {'none': 0.5221375823020935, '4': 0.08725795149803162, 'Lev': 0.05129630118608475, '4000': 0.02599569968879223, 'R': 0.022062264382839203}, '90': {'|': 0.42541152238845825, '90': 0.13811089098453522, '95': 0.042451806366443634, '96': 0.03688276931643486, '80': 0.02872433140873909}}",30000,"{'3': {'3': 0.22899580001831055, '6000': 0.11160364001989365, 'none': 0.096208356320858, '3000': 0.06560839712619781, '4000': 0.059737127274274826}, '0000': {'0000': 0.9923604130744934, '|': 0.0021039918065071106, '200': 0.0015154483262449503, ',': 0.0010915364837273955, '100': 0.0009938552975654602}}","Nigel, Virginia","{'N': {'Nice': 0.24416065216064453, 'France': 0.18144477903842926, 'N': 0.06886867433786392, 'USA': 0.05983414500951767, 'United': 0.04177096113562584}, 'igel': {'ICE': 0.36835888028144836, 'ig': 0.16092407703399658, 'iger': 0.03763022646307945, '.': 0.035907015204429626, 'ep': 0.031441234052181244}, ',': {'|': 0.314025342464447, ',': 0.20434017479419708, ' Farage': 0.10355457663536072, ' Rose': 0.10274869948625565, '\n': 0.041839830577373505}, ' Virginia': {' England': 0.19826748967170715, ' UK': 0.08729599416255951, ' Utah': 0.06693216413259506, ' Alabama': 0.05999760329723358, ' Mississippi': 0.046362556517124176}}","[-81.046876, 35.001706, -80.646695, 35.416412]"
8,2021-09-13T04:43:29.000Z,"üßµ I‚Äôm on my way to #Haiti, where almost a month ago a devastating 7.2 earthquake hit the southeast.  More than 12k people were injured, around 2K have died, 53K houses have been destroyed. On top of that, the affected areas could be hit by severe #storms in the coming weeks. https://t.co/vFHlEGZtde",12000,"{'12': {'12': 0.5147711634635925, 'none': 0.09824579954147339, '53': 0.05866524204611778, '2': 0.02881539985537529, '3': 0.027928844094276428}, ',': {'k': 0.6874671578407288, '000': 0.12325607240200043, 'K': 0.10218286514282227, ',': 0.05731939524412155, '|': 0.008003581315279007}, '000': {'000': 0.9198175072669983, '9': 0.00702289305627346, '500': 0.006914013531059027, '8': 0.006546056363731623, '0': 0.005259904079139233}}",54000,"{'54': {'2': 0.21296288073062897, '53': 0.10218070447444916, '5000': 0.07359800487756729, '2000': 0.0542677640914917, '6000': 0.04751844331622124}, ',': {',': 0.8277288675308228, '000': 0.09001133590936661, '00': 0.04121018946170807, 'K': 0.01126624085009098, 'k': 0.005754232406616211}, '000': {'000': 0.9579493403434753, '500': 0.0052681006491184235, '600': 0.004796660505235195, '800': 0.002978313947096467, '300': 0.002711785724386573}}",Haiti,"{'H': {'H': 0.9329809546470642, 'Port': 0.02688342146575451, '#': 0.007523806765675545, 'Ha': 0.007012959569692612, 'P': 0.002089285757392645}, 'ait': {'ait': 0.999311089515686, 'ond': 0.0003798670950345695, 'av': 3.911022577085532e-05, 'ai': 3.702881440403871e-05, 'ain': 3.4246055292896926e-05}, 'i': {'i': 0.9984219074249268, 'ian': 0.0006257375935092568, '√≠': 0.00023750321997795254, '√Ø': 0.00011574983363971114, 'ia': 9.014605893753469e-05}}","[12.1250835, 41.7410238, 12.3174662, 42.020287]"
9,2021-09-11T14:22:13.000Z,"Today marks 20 years since the horrible 9/11 attacks, where two planes were crashed into the twin towers of the World Trade Center. Many innocent lives were lost. It was such a tragic day.\n\nI pray for everyone that was affected or died on that terrible day. üôèüíôü§ç‚ù§Ô∏è #NeverForget https://t.co/UABBTqDNpv",-1,"{'none': {'none': 0.4178939759731293, '20': 0.06560587137937546, '2000': 0.054815758019685745, '4000': 0.04269055649638176, '2': 0.034035880118608475}}",4000,"{'4000': {'none': 0.24505333602428436, '4000': 0.10056968778371811, '2000': 0.07650938630104065, '20': 0.06392598897218704, '6000': 0.054678790271282196}}",New York City,"{'New': {'New': 0.48376724123954773, 'World': 0.15952950716018677, 'United': 0.1029999852180481, 'USA': 0.053435686975717545, 'NY': 0.048653751611709595}, ' York': {' York': 0.9790300130844116, ' Jersey': 0.006494380533695221, ' y': 0.004826213698834181, 'York': 0.0038779715541750193, 'ark': 0.0016809762455523014}, ' City': {'|': 0.5496534705162048, ' City': 0.3604715168476105, ',': 0.05884535610675812, ' (': 0.008954000659286976, '/': 0.005062133073806763}}","[-117.071232, 33.685766, -116.908609, 33.7729906]"
10,2021-09-11T10:10:33.000Z,"Fr. Mychal Judge was the 1st recorded death from the attack on 9/11 at the WTC. A Franciscan priest, serving as a fire chaplain in NYC, killed by falling debris while anointing &amp; praying for the injured &amp; dying. \n\nLet us pray Fr. Mychal‚Äôs words, asking God to direct our path. https://t.co/O2BsIW3uNv",-1,"{'none': {'none': 0.3171752095222473, 'Fr': 0.23570460081100464, '1': 0.20800858736038208, 'My': 0.022976096719503403, 'Franc': 0.020435361191630363}}",40,"{'40': {'none': 0.28424960374832153, 'Fr': 0.17375831305980682, '4': 0.05685349926352501, '1': 0.055104296654462814, '9': 0.03787259757518768}}",New York City,"{'New': {'New': 0.3374099135398865, 'NY': 0.214470773935318, 'W': 0.11479794234037399, '9': 0.09819187223911285, 'World': 0.043572381138801575}, ' York': {' York': 0.9849538803100586, ' Jersey': 0.005416608415544033, 'York': 0.003962874878197908, 'town': 0.0011898709926754236, 'ark': 0.0009560880716890097}, ' City': {'|': 0.47800973057746887, ' City': 0.421842098236084, ',': 0.06469158083200455, ' (': 0.017824405804276466, ' |': 0.0032208042684942484}}","[-91.218994, 30.354161, -90.962605, 30.5640391]"
11,2021-09-08T17:42:40.000Z,"#TPLFTerroristGroup missed a lot of opportunities for a peaceful way. Even after it disregarded the Humanitarian Unilateral Ceasefire, there are nearly a million people displaced in Afar and Amhara regions. Thousands killed, wounded, and property destroyed! #TPLFSURRENDERNOW @UN",13,"{'13': {'none': 0.3309033215045929, '4000': 0.0667039230465889, '1': 0.05617033317685127, '4': 0.034605540335178375, '6000': 0.030065815895795822}}",250000,"{'250': {'none': 0.191584050655365, '5000': 0.06620968133211136, '1000': 0.05888810381293297, '6000': 0.04550520330667496, '4000': 0.038319218903779984}, ',': {'|': 0.6572566032409668, ',': 0.22714181244373322, '3': 0.011486811563372612, '9': 0.011220719665288925, '8': 0.008469843305647373}, '000': {'000': 0.9860451817512512, '00': 0.0033933822996914387, '0000': 0.0013818037696182728, '500': 0.0008852166938595474, '9': 0.0008059989777393639}}",Afar,"{'A': {'A': 0.4670183062553406, 'T': 0.15400630235671997, 'Af': 0.10099979490041733, 'Am': 0.09789235144853592, 'Eth': 0.04999852180480957}, 'far': {'far': 0.9833789467811584, 'fr': 0.008507895283401012, 'fo': 0.0010816574795171618, 'fe': 0.0010816574795171618, 'fa': 0.0010321247391402721}}","[32.9976911, 3.4049624, 47.9994768, 14.8942137]"
12,2021-09-08T15:12:19.000Z,One dead from a 7.4 #earthquake near #PuebloMadero #Mexico and felt for miles. My condolences to the family. I hope there are no more casualties. #snapmap https://t.co/0wgTBVtXTf,1,"{'1': {'1': 0.5860726833343506, 'none': 0.2683236300945282, 'one': 0.06034066900610924, '0': 0.010903336107730865, 'None': 0.00698493979871273}}",2,"{'2': {'none': 0.4546361565589905, '0': 0.04295368492603302, '1000': 0.037028390914201736, '4000': 0.036170631647109985, '5000': 0.031425587832927704}}",Mexico,"{'Mexico': {'P': 0.6158934831619263, 'Mexico': 0.21960359811782837, '\n': 0.0194909255951643, 'none': 0.016671473160386086, 'M': 0.012292773462831974}}","[-115.384091, 36.129459, -115.062159, 36.336371]"
13,2021-09-05T19:04:18.000Z,"While we report gross civilian casualties in Amhara &amp; Afar by #TPLFLooters,  humanitarian organizations &amp; western media are asking for almost a photograph of a flying bullet as evidence.  What a shame! \n@amnesty @SecBlinken @GenocideWatch1 @CNN @BBCWorld @PowerUSAID @nytimes @AFP",500,"{'500': {'none': 0.5392260551452637, '4000': 0.040617436170578, '4': 0.02971635013818741, '0': 0.02791593037545681, '1': 0.02521994151175022}}",4000,"{'4000': {'none': 0.1516323685646057, '4000': 0.1180914044380188, '5000': 0.1002228781580925, '3000': 0.0786658301949501, '1000': 0.06470874696969986}}",Afar,"{'A': {'Am': 0.4098503589630127, 'A': 0.2447328120470047, 'Eth': 0.11560359597206116, 'T': 0.0459839329123497, 'Af': 0.04387817531824112}, 'far': {'far': 0.9533262848854065, 'fr': 0.015409084036946297, 'mar': 0.005668685305863619, 'man': 0.004414776805788279, 'fa': 0.004278948530554771}}","[32.9976911, 3.4049624, 47.9994768, 14.8942137]"
14,2021-08-29T21:48:28.000Z,"As tough as #Hurricane_Ida is for Louisiana, I feel that listening to @bbc5live and stories of trampolines lifting and loss of power, how much air time did @BBCWorld @BBCNews give to #Haitiearthquake2021 ? Check the death toll and damage! https://t.co/0leHHaivXJ",0,"{'50': {'none': 0.34179696440696716, '20': 0.054080136120319366, '4': 0.02827645093202591, '40': 0.02635655179619789, '10': 0.02635655179619789}}",4,"{'4': {'none': 0.22410160303115845, '5000': 0.0536462739109993, '3000': 0.04517469182610512, '500': 0.044823139905929565, '1000': 0.043105993419885635}}",Haiti,"{'H': {'H': 0.7405973076820374, 'Louis': 0.07448383420705795, 'Port': 0.046610791236162186, 'New': 0.023621199652552605, '#': 0.006767586804926395}, 'ait': {'ait': 0.9991810917854309, 'ond': 0.0003980454639531672, 'av': 6.297994696069509e-05, 'oll': 5.06058095197659e-05, 'ain': 4.9048830987885594e-05}, 'i': {'i': 0.997896671295166, 'ian': 0.0008958562975749373, '√≠': 0.00028410463710315526, 'ia': 0.00012219187919981778, 'ii': 0.00010289587953593582}}","[-0.39216, 51.391383, -0.221832, 51.489646]"
15,2021-08-28T01:14:20.000Z,The death toll in Kabul bombing rises to 170 which includes innocent women and children who were merely trying to get away from monstrous TB and live a Life. \nPlease pray for them and a peaceful neighborhood... \n#FarmersProtest,170,"{'170': {'170': 0.8811219930648804, 'none': 0.03062513656914234, '17': 0.024995507672429085, '70': 0.008638216182589531, '150': 0.0032786971423774958}}",70,"{'70': {'none': 0.6387424468994141, '5000': 0.02496098168194294, '0': 0.023817935958504677, '4000': 0.017978720366954803, '100': 0.017155416309833527}}",Afghanistan,"{'Af': {'K': 0.6104640364646912, 'Af': 0.3533094823360443, '#': 0.0051996661350131035, 'N': 0.004734349902719259, ' Kabul': 0.0035736747086048126}, 'ghan': {'ghan': 0.9947361350059509, 'gan': 0.0026247287169098854, 'gh': 0.0018612113781273365, 'pak': 0.0002121105935657397, 'Pak': 0.00016779328871052712}, 'istan': {'istan': 0.9985414743423462, '|': 0.0007373874541372061, 'ist': 0.0003073888074140996, 'stan': 3.7877733120694757e-05, 'istani': 3.586191814974882e-05}}","[76.167294, 30.072684, 76.654115, 30.448265]"
16,2021-08-26T23:02:58.000Z,"My question is Why? \nUpdate: 12 Dead, 11 Marines &amp; 1 Corpsman. Many wounded‚Ä¶this didn‚Äôt need to happen like this. Please pray for our people still over there. #army #navy #marines #usa @ Miami, Florida https://t.co/tePaW9agVG",12,"{'12': {'12': 0.7456372976303101, 'none': 0.06881535053253174, '11': 0.02472931332886219, '1': 0.016602475196123123, '5': 0.012829397805035114}}",11,"{'11': {'11': 0.5231600403785706, 'none': 0.14191097021102905, '10': 0.043280404061079025, '5': 0.021762754768133163, '1': 0.015432103537023067}}","Miami, Florida","{'Miami': {'Miami': 0.25977811217308044, 'Mar': 0.1991787999868393, '12': 0.07619267702102661, 'USA': 0.049579523503780365, 'US': 0.0401507206261158}, ',': {'|': 0.6250093579292297, ',': 0.36172768473625183, ' Florida': 0.0028053175192326307, ' |': 0.0014328157994896173, '-': 0.0009694916661828756}, ' Florida': {' Florida': 0.9684286117553711, ' FL': 0.011362997815012932, 'Florida': 0.00392694678157568, ' USA': 0.0028064625803381205, ' Flor': 0.001783896004781127}}","[-80.321683, 25.7090404, -80.144974, 25.855667]"
17,2021-08-26T21:34:10.000Z,"More than 2,000 people were killed in the #Haiti earthquake, and thousands more are injured. Over 650,000 Haitians need humanitarian assistance.\n\n#HelpHaiti: Donate to support Humanity &amp; Inclusion's emergency response in the hardest-hit regions at https://t.co/nrYbSCKnYO\n\nüé• HI https://t.co/Ru6njM0ZkF",-1,"{'2': {'650': 0.3446435034275055, 'none': 0.1844743937253952, '2': 0.09951646625995636, '65': 0.09348706156015396, '26': 0.03180737420916557}, '105': {',': 0.841268002986908, '|': 0.07124753296375275, '.': 0.009129151701927185, 'k': 0.007747810333967209, '160': 0.004699284676462412}}",2105,"{'65': {'65': 0.1494472324848175, 'none': 0.13396362960338593, '6000': 0.12293194234371185, '650': 0.0972471609711647, '5000': 0.0899389311671257}, '00': {'000': 0.5951611399650574, '0000': 0.1786997765302658, '00': 0.11903972178697586, ',': 0.028719669207930565, '00000': 0.013251950964331627}}",6500,"{'H': {'H': 0.9392110705375671, 'Port': 0.01761019043624401, 'Ha': 0.008786049671471119, '#': 0.004182786680757999, 'HA': 0.002808190416544676}, 'ait': {'ait': 0.998817503452301, 'ond': 0.0008164391620084643, 'ain': 6.968707020860165e-05, 'ai': 4.161205652053468e-05, 'oll': 3.044403092644643e-05}, 'i': {'i': 0.9986346364021301, 'ian': 0.00039782776730135083, 'ius': 0.00017931504407897592, '√≠': 0.00014408367860596627, 'is': 0.00011852000170620158}}","[-74.4798235, 18.0214258, -71.6284598, 20.0894352]"
18,2021-08-26T18:59:27.000Z,@LangmanVince 13 servicemen casualties. Many injuries. Heartbreaking. Blood is on this I competent administration hands. Will &amp; can we recover. Pray for our troops.,-1,"{'1': {'13': 0.5046547651290894, 'none': 0.06316495686769485, '0': 0.04694020375609398, '1': 0.024352258071303368, '5': 0.022876830771565437}}",0,"{'1': {'Ukraine': 0.11745618283748627, 'Russia': 0.07702964544296265, 'Af': 0.0690489262342453, 'L': 0.04599650204181671, 'K': 0.041231002658605576}, ',': {'|': 0.935120701789856, ',': 0.014535780064761639, '.': 0.008347195573151112, '/': 0.007084173150360584, 'st': 0.006866215728223324}, '000': {'000': 0.37228548526763916, '2': 0.06779821962118149, '500': 0.06727060675621033, '5': 0.040484167635440826, '200': 0.040169116109609604}}",1,"{'V': {'\n': 0.6200066208839417, '<|endoftext|>': 0.028548525646328926, 'Af': 0.026818856596946716, '1': 0.02461036667227745, 'K': 0.019166572019457817}, 'iet': {'iet': 0.2637491226196289, 'lad': 0.24776935577392578, 'ince': 0.24392804503440857, 'enezuel': 0.05703974515199661, 'ancouver': 0.023777702823281288}, 'nam': {'nam': 0.9263139963150024, ' Nam': 0.06205916777253151, 'N': 0.006241454742848873, 'namese': 0.001093108905479312, ' N': 0.0009875416290014982}}","[-73.491527, 40.794833, -73.448769, 40.84129]"
19,2021-08-26T17:23:06.000Z,Pray for Kabul\nAfghanistan is bleeding once Again\n#Kabulairport 30+ civilians dead 70+ casualties and 4 US soldiers died .. R.I.P ü•Ä https://t.co/CLfCcUNesE,-1,"{'„Éª': {'„Éª': 0.9301161766052246, '|': 0.03182682394981384, '\n': 0.005444927606731653, '#': 0.005402555223554373, '@': 0.0028469464741647243}, 'https': {'|': 0.6285585165023804, '„Éª': 0.1887274831533432, '\n': 0.04447786137461662, ' |': 0.04145792871713638, '/': 0.014215979725122452}, '://': {'://': 0.9920652508735657, ':\\': 0.004183042794466019, '|': 0.0007045392994768918, ':': 0.0005444257403723896, '\\': 0.00029599913978017867}, 't': {'v': 0.026567529886960983, 'w': 0.026360780000686646, '9': 0.026155639439821243, '8': 0.026155639439821243, 'q': 0.02476366236805916}, '.': {'.': 0.9943236112594604, 'co': 0.0016547089908272028, '\\.': 0.0010194367496296763, '\n': 0.0007816291763447225, 'weet': 0.00017170114733744413}, 'co': {'co': 0.9966763257980347, 'c': 0.0010138967772945762, 'me': 0.0008210786618292332, 'com': 0.000765329459682107, 'cn': 0.0002209903032053262}, '/': {'/': 0.9816641807556152, '|': 0.005111213307827711, '\n': 0.0036243926733732224, '\\': 0.0023218730930238962, '/\u200b': 0.000821446708869189}, 'J': {'CL': 0.5351653695106506, 'C': 0.018746616318821907, 'f': 0.01788814552128315, 'Z': 0.015063329599797726, 'e': 0.014486263506114483}, 'f': {'x': 0.03235185518860817, 'Q': 0.02992057427763939, '5': 0.029687732458114624, '0': 0.028550412505865097, '2': 0.02745666541159153}, '8': {'0': 0.03204384446144104, '2': 0.03081626258790493, '3': 0.030102405697107315, '7': 0.029405083507299423, '4': 0.029176251962780952}, 'l': {'x': 0.026986710727214813, 'Z': 0.026361564174294472, 'Y': 0.026156416162848473, 'Q': 0.02515438012778759, 'X': 0.024958627298474312}, 'I': {'z': 0.035495173186063766, 'x': 0.035218942910432816, 'w': 0.03334462642669678, 'j': 0.03334462642669678, 'h': 0.03282766789197922}, 'Y': {'k': 0.03549966216087341, 'E': 0.02874850481748581, '8': 0.026175811886787415, 'f': 0.025769993662834167, 'Q': 0.02458989806473255}, '2': {'0': 0.03453351929783821, 'V': 0.032952114939689636, 'q': 0.03144312649965286, '8': 0.03144312649965286, '4': 0.030955644324421883}, 'j': {'v': 0.029689401388168335, 'Q': 0.029001647606492043, 'q': 0.02832982689142227, 'Y': 0.026613406836986542, 'Z': 0.0264063011854887}}",70,"{'70': {'\n': 0.23379383981227875, '30': 0.11755892634391785, '4': 0.10293803364038467, 'none': 0.10213696211576462, '40': 0.035574428737163544}}",1000,"{'1000': {'4': 0.37126919627189636, '30': 0.23599305748939514, '4000': 0.0450400672852993, '40': 0.037339527159929276, 'K': 0.029769664630293846}}","[68.106114, 20.120943, 74.47663, 24.708482]"
20,2021-08-26T16:30:48.000Z,"Covid running riot, Afghanistan a humanitarian tragedy, Brexit causing food shortages, 150,000 covid deaths, and torys still thieving and lying and telling the people how great they are doing. Lock the bastards up for dereliction of duty on all counts ffs",-1,"{'none': {'150': 0.5906521677970886, 'none': 0.21559783816337585, '15': 0.019897662103176117, '50': 0.01478668861091137, '1500': 0.013999753631651402}}",0,"{'0': {'150': 0.566616415977478, 'none': 0.19278153777122498, '1500': 0.023570481687784195, '15': 0.019087955355644226, '50': 0.015824472531676292}}",Afghanistan,"{'Af': {'Af': 0.21958251297473907, 'UK': 0.14627349376678467, 'United': 0.07708071917295456, 'England': 0.06749412417411804, 'none': 0.05297674983739853}, 'ghan': {'ghan': 0.9948205947875977, 'gan': 0.002176161389797926, 'rica': 0.0018041010480374098, 'gh': 0.0008656171266920865, 'g': 0.0001237335236510262}, 'istan': {'istan': 0.9984458088874817, 'ist': 0.0008755853050388396, '|': 0.0003025942132808268, 'stan': 6.493132241303101e-05, 'istani': 4.568489021039568e-05}}","[-4.2037009, 50.3602507, -4.082159, 50.444179]"
21,2021-08-26T16:21:03.000Z,"**** My heart is breaking... 2 Isis Terror Attacks at the Kabul airport. 3 U.S troops injured, many casualties! Issis is now threatening a rocket attack. Plz pray for our troops, our Alli troops and Afghan people.****** DO NOT watch the vid it is very graphic****",3000,"{'3000': {'none': 0.24481989443302155, '2': 0.22642138600349426, '3': 0.21945513784885406, '4': 0.0258038267493248, '1': 0.02089657634496689}}",5000,"{'5000': {'none': 0.20230591297149658, '2': 0.07618910074234009, '2000': 0.06169981136918068, '3000': 0.045140549540519714, '3': 0.043411243706941605}}",Afghanistan,"{'Af': {'Af': 0.644737184047699, 'K': 0.2772980332374573, 'Is': 0.010585316456854343, 'U': 0.005984395742416382, 'N': 0.0041777812875807285}, 'ghan': {'ghan': 0.9929919242858887, 'gan': 0.0038722953759133816, 'gh': 0.0022764052264392376, 'g': 0.00030330164008773863, 'rica': 0.00015370578330475837}, 'istan': {'istan': 0.9947981834411621, '|': 0.0034235049970448017, 'ist': 0.0005995819228701293, ' people': 8.43770249048248e-05, ' Afghanistan': 8.051312033785507e-05}}","[-115.384091, 36.129459, -115.062159, 36.336371]"
22,2021-08-26T15:03:54.000Z,Multiple fatalities reported after two suicide bomber attacks on one of the gates of Karzai airport Kabul. \nPlease pray for the innocent people especially women and children of Afghanistan... \n#9MonthsOfFarmersProtest \n#FarmersProtest,-1,"{' |': {' ': 0.5561249852180481, ' |': 0.4068697392940521, '\n': 0.013706471771001816, ' \\': 0.002237519947811961, ' 1': 0.0021184412762522697}, '7': {'none': 0.37726959586143494, '2': 0.10808955132961273, '1': 0.03764772415161133, '4': 0.03592371195554733, '3': 0.03454749286174774}}",7,"{'4': {'none': 0.22040043771266937, '2': 0.05660351365804672, '3': 0.05194230377674103, '4': 0.05153808742761612, '1': 0.05073906108736992}}",4,"{'K': {'Af': 0.6993917226791382, 'K': 0.2306349277496338, 'Kar': 0.022835949435830116, '#': 0.011304614134132862, '\n': 0.006243000738322735}, 'abul': {'abul': 0.9896196722984314, 'and': 0.0020020981319248676, 'af': 0.0012726110871881247, 'ab': 0.0012143338099122047, 'AB': 0.0007138700457289815}}","[76.167294, 30.072684, 76.654115, 30.448265]"
23,2021-08-22T23:58:38.000Z,"that mother lost her 5 children, FIVE CHILDREN‚Äî to a house fire. My stomach hurts so bad. that pains me and it‚Äôs beyond sad. I pray for her mental health and healing. may her babies rest easy ü§ßü•∫",5,"{'5': {'5': 0.502269446849823, 'none': 0.26467740535736084, '5000': 0.037247106432914734, '4': 0.023675700649619102, '500': 0.021222760900855064}}",4,"{'4': {'none': 0.4672684967517853, '4': 0.07627949118614197, '4000': 0.06627276539802551, '5': 0.06225750595331192, '5000': 0.0438036248087883}}",United States,"{'United': {'\n': 0.07965561002492905, 'N': 0.05517582967877388, 'France': 0.0518328882753849, 'California': 0.05102929845452309, 'United': 0.041648901998996735}, ' States': {' States': 0.9002934694290161, ' Kingdom': 0.08505906164646149, ' states': 0.004040914122015238, ' Arab': 0.003825860098004341, ' State': 0.0024318646173924208}}","[-75.280284, 39.871811, -74.955712, 40.13792]"
24,2021-08-21T15:00:37.000Z,"A week ago today a 7.2-magnitude earthquake rocked #Haiti, killing at least 2,000 people and injuring 12,000 more. 130,000 homes are destroyed.\n\nOur teams are working to provide medical care, logistics support and essential items.\n\nDonate to #HelpHaiti: https://t.co/nrYbSCKnYO https://t.co/HWMBx9wqhe",2000,"{'2': {'2': 0.3121069073677063, '12': 0.2248021811246872, 'none': 0.086668960750103, '2000': 0.06645139306783676, '4000': 0.05215829983353615}, ',': {',': 0.9435035586357117, '|': 0.02635018154978752, 'k': 0.01225397177040577, 'K': 0.007203738205134869, '.': 0.0020004059188067913}, '000': {'000': 0.9793884754180908, '100': 0.003292397130280733, '001': 0.003117178799584508, '0': 0.0011739402543753386, '200': 0.0010523132514208555}}",12000,"{'12': {'12': 0.8815573453903198, 'none': 0.011271923780441284, '10': 0.011097169481217861, '10000': 0.010025456547737122, '5000': 0.008916826918721199}, '000': {',': 0.9262479543685913, '000': 0.06303196400403976, '|': 0.0042228782549500465, '0000': 0.004092954099178314, 'K': 0.0006526785437017679}}",Haiti,"{'H': {'H': 0.9795767068862915, 'Port': 0.005471870768815279, 'Ha': 0.0034242093097418547, '#': 0.0032167464960366488, ' Haiti': 0.0009434688254259527}, 'ait': {'ait': 0.9996039271354675, 'ond': 0.00020338778267614543, 'ai': 4.467836697585881e-05, 'av': 2.211739592894446e-05, 'ain': 1.9981400328106247e-05}, 'i': {'i': 0.9994053840637207, 'ian': 0.00015836709644645452, '√≠': 0.0001038596747093834, 'I': 4.5372933527687564e-05, 'ia': 3.58929464709945e-05}}","[-74.4798235, 18.0214258, -71.6284598, 20.0894352]"
25,2021-08-19T15:39:15.000Z,"#Haiti earthquake death toll rises to 2,189, over 12,000 injured &amp; more than 1.2m people impacted by disaster that struck the country last weekend https://t.co/o4JB3GpMT3",2189,"{'2': {'2': 0.5564427971839905, '12': 0.05910862609744072, '22': 0.04675877094268799, 'none': 0.03315693140029907, '20': 0.024069353938102722}, '189': {'189': 0.9758137464523315, ',': 0.006273890845477581, '190': 0.003805306972935796, '187': 0.00346477166749537, '188': 0.0018837637035176158}}",12000,"{'12': {'12': 0.8578985929489136, 'none': 0.019251924008131027, 'over': 0.013975396752357483, '6000': 0.012429974973201752, '120': 0.010467087849974632}, '000': {'000': 0.9411597847938538, '0000': 0.027119090780615807, ',': 0.018349695950746536, '200': 0.0021241314243525267, '500': 0.001393039245158434}}",Haiti,"{'H': {'H': 0.9706956148147583, '#': 0.008013582788407803, 'Ha': 0.0036403341218829155, 'Port': 0.0030416131485253572, ' #': 0.002835094928741455}, 'ait': {'ait': 0.9995937943458557, 'ond': 0.00020658857829403132, 'ai': 4.1320312448078766e-05, 'av': 3.143483991152607e-05, 'ain': 2.126987419615034e-05}, 'i': {'i': 0.9990519881248474, 'ian': 0.00039799403748475015, 'ia': 0.0001312445237999782, '√≠': 8.213071851059794e-05, '√Ø': 3.9406750147463754e-05}}","[35.59812591978788, -0.17524245127580623, 35.59812591978788, -0.17524245127580623]"
26,2021-08-19T06:08:24.000Z,"The death toll from a powerful earthquake that hit #Haiti last weekend has risen to 2,189, with over 12,000 injured, according to Haiti‚Äôs Civil Protection Agency. Aid has been slowly trickling in to help the thousands who were left homeless. AP https://t.co/Pn20XjINCK",2189,"{'2': {'2': 0.47537752985954285, '12': 0.13098028302192688, '22': 0.041214775294065475, '2000': 0.0408940352499485, 'none': 0.03637190908193588}, '189': {'189': 0.9475602507591248, ',': 0.02299186773598194, '190': 0.007701311260461807, '187': 0.004187130369246006, '188': 0.0027459871489554644}}",12000,"{'12': {'12': 0.8055132627487183, 'over': 0.04509030282497406, '10000': 0.018361015245318413, '120': 0.010139916092157364, 'none': 0.009525569155812263}, '000': {'000': 0.9231939911842346, ',': 0.03158996254205704, '0000': 0.03061804361641407, '2000': 0.0014098233077675104, '100': 0.0010725370375439525}}",Haiti,"{'H': {'H': 0.9602111577987671, 'Port': 0.010501605458557606, 'Ha': 0.007388802245259285, '#': 0.005533957853913307, 'HA': 0.002100453246384859}, 'ait': {'ait': 0.9992973804473877, 'ond': 0.00024525728076696396, 'ai': 8.67686394485645e-05, 'av': 4.608247400028631e-05, 'ain': 3.0458657420240343e-05}, 'i': {'i': 0.9991599321365356, 'ian': 0.00025300774723291397, 'is': 8.541165880160406e-05, 'ia': 7.656252273591235e-05, '√≠': 7.59667091188021e-05}}","[88.094457, 22.269493, 88.610027, 22.955918]"
27,2021-08-18T09:13:31.000Z,"The death toll in #Haiti continues to rise after another devastating #earthquake. @RestavekFreedom is focused on bringing freedom and life to those who need it most, especially children trapped in slavery. Next on @WLWT, I‚Äôll tell you how you can help bring relief even today. https://t.co/idCrDiSr8Y",-1,"{'none': {'none': 0.3548901677131653, '4000': 0.08495492488145828, '4': 0.03920025750994682, '5000': 0.03740514814853668, '3000': 0.025708159431815147}}",4000,"{'4000': {'none': 0.27576708793640137, '4000': 0.07250235974788666, '5000': 0.05022091791033745, '4': 0.044667407870292664, '3000': 0.03451630100607872}}",Haiti,"{'H': {'H': 0.9211732745170593, 'Port': 0.03802136331796646, 'Ha': 0.005830764304846525, '#': 0.003024960635229945, 'P': 0.0026487442664802074}, 'ait': {'ait': 0.9990721940994263, 'ond': 0.0004440034681465477, 'av': 8.408010035054758e-05, 'ai': 4.94281375722494e-05, 'ain': 3.6731871659867465e-05}, 'i': {'i': 0.9986926913261414, 'ian': 0.0005698951426893473, '√≠': 0.0001463611697545275, 'I': 6.597014726139605e-05, '√Ø': 5.1377606723690405e-05}}","[-84.415272, 39.203372, -84.354854, 39.28067]"
28,2021-08-18T08:51:32.000Z,"The Death Toll From #Haiti's #Earthquake Rises By 500 To 1,941\n\nhttps://t.co/yB0lrzir8y",1941,"{'19': {'1': 0.313363254070282, '18': 0.1423516869544983, '19': 0.11260945349931717, 'none': 0.09707541018724442, '17': 0.040152132511138916}, '41': {'41': 0.9963931441307068, '42': 0.0007187561714090407, '40': 0.0006147847161628306, '01': 0.0002582904417067766, '54': 0.0002315300516784191}}",13000,"{'13': {'none': 0.3621702492237091, '9': 0.08272748440504074, '1': 0.0624459832906723, '18': 0.036998018622398376, '1000': 0.031399812549352646}, '000': {'00': 0.2991948425769806, '000': 0.19317471981048584, ',': 0.06572438776493073, '50': 0.038038354367017746, '41': 0.02826770581305027}}",Haiti,"{'H': {'H': 0.9373056292533875, 'Port': 0.022390447556972504, 'Ha': 0.007737931329756975, '#': 0.007383586373180151, 'P': 0.0029369876720011234}, 'ait': {'ait': 0.9991700649261475, 'ond': 0.00046535718138329685, 'av': 5.734325895900838e-05, 'ai': 5.4291507694870234e-05, 'ain': 4.7539229854010046e-05}, 'i': {'i': 0.9986885190010071, 'ian': 0.00035662975278683007, '√≠': 0.0002266876690555364, '√Ø': 9.303243859903887e-05, 'ia': 8.404780965065584e-05}}","[38.9296592, 20.9137751, 39.5785981, 22.2576464]"
29,2021-08-18T04:44:10.000Z,"America's greatest tragedies is a politicized one, when it was a medical problem to begin with. A tragedy where a humanitarian approach was needed, but hostility and defiance against a severe public health threat fostered a reaction that caused over half a million people die.",4842,"{'48': {'500': 0.14339663088321686, '5': 0.10168343782424927, '5000': 0.08106911182403564, 'none': 0.0738142654299736, 'over': 0.06313668191432953}, '42': {',': 0.24612519145011902, '000': 0.0979018360376358, '00': 0.0622301921248436, '0000': 0.050790801644325256, '50': 0.03804055601358414}}",15000,"{'15': {'5000': 0.07919389009475708, '5': 0.06313887983560562, 'none': 0.05977868661284447, '500': 0.04917261004447937, '4': 0.04655568674206734}, '000': {'000': 0.3745768666267395, '0000': 0.27404630184173584, ',': 0.07261503487825394, '500': 0.028659487143158913, '|': 0.02016446925699711}}",United States,"{'United': {'America': 0.34844744205474854, 'US': 0.1595308631658554, 'USA': 0.15705756843090057, 'United': 0.14078548550605774, 'U': 0.02837972342967987}, ' States': {' States': 0.9855631589889526, ' states': 0.005462467670440674, ' State': 0.0017323228530585766, ' Kingdom': 0.001297449809499085, ' S': 0.0009947892976924777}}","[-112.0383105, 40.6998952, -111.795741, 40.8317151]"
30,2021-08-18T01:50:44.000Z,"The death toll in Haiti‚Äôs devastating earthquake surged to nearly 2,000 as the search for survivors was hampered by heavy rains brought by Tropical Storm Grace https://t.co/2cYzLuDlj8 #PrayForHaiti #HaitiRelief #haitiearthquake #prayerispowerful #TropicalStormGrace",3000,"{'3000': {'2000': 0.2798541188240051, '2': 0.19844627380371094, 'none': 0.13962440192699432, '4000': 0.0471351221203804, '23': 0.022971823811531067}}",4000,"{'4000': {'none': 0.21654553711414337, '2000': 0.09460174292325974, '4000': 0.07367591559886932, '5000': 0.06351260095834732, '2': 0.0610794760286808}}",Haiti,"{'H': {'H': 0.9148477911949158, 'Ha': 0.015864282846450806, 'Port': 0.013049602508544922, 'P': 0.009399277158081532, 'HA': 0.006561751943081617}, 'ait': {'ait': 0.9995458722114563, 'ond': 0.00010717161057982594, 'ai': 8.477971277898178e-05, 'ain': 7.840841863071546e-05, 'av': 3.942623152397573e-05}, 'i': {'i': 0.9987167119979858, 'ian': 0.00036225610529072583, 'is': 0.0001711176591925323, 'I': 0.00014522566925734282, '√≠': 0.00011760733468690887}}","[-0.254563, 51.463873, -0.177653, 51.532901]"
31,2021-08-17T14:43:01.000Z,"As earthquake death toll climbs in #Haiti, affected regions remain inaccessible by road, but that hasn't stopped our teams from delivering vital aid. Humanity &amp; Inclusion already has a fleet of 10 boats serving the hardest-hit region by sea.\n\nRead more: https://t.co/VBEkJVFfVy",4000,"{'4000': {'none': 0.2626335620880127, '4000': 0.15805566310882568, '5000': 0.057692933827638626, '10': 0.05591790750622749, '4': 0.04493130370974541}}",600,"{'600': {'none': 0.1353657841682434, '600': 0.09598870575428009, '5000': 0.08083059638738632, '6000': 0.06444377452135086, '3000': 0.05342576280236244}}",Haiti,"{'H': {'H': 0.8818145990371704, 'Port': 0.06906905770301819, 'Ha': 0.009719841182231903, '#': 0.005243461113423109, 'P': 0.003927171230316162}, 'ait': {'ait': 0.9995273351669312, 'ond': 0.0001659875561017543, 'av': 3.2684882171452045e-05, 'ain': 3.070461025345139e-05, 'ai': 2.8176133127999492e-05}, 'i': {'i': 0.9982888102531433, 'ian': 0.0007089591235853732, '√≠': 0.0001938186469487846, 'I': 9.669971041148528e-05, '√Ø': 9.37245786190033e-05}}","[-74.4798235, 18.0214258, -71.6284598, 20.0894352]"
32,2021-08-17T04:54:43.000Z,"Whilst our team assesses needs in #Haiti the latest from the ground is &gt;1,400 deaths, &gt;6,900 injured and tens of thousands displaced as &gt;45,000 homes are destroyed or badly damaged from the recent #earthquake",-1,"{'none': {'1': 0.39233002066612244, '14': 0.13558563590049744, '13': 0.07487749308347702, '15': 0.06764618307352066, '1500': 0.06607915461063385}}",4095,"{'40': {'1': 0.20705018937587738, '45': 0.13264133036136627, 'none': 0.07268145680427551, '14': 0.07044528424739838, '15': 0.05932087451219559}, '95': {',': 0.4315945506095886, '95': 0.09630176424980164, '|': 0.05617232248187065, '96': 0.0544440820813179, '900': 0.053599998354911804}}",Haiti,"{'H': {'H': 0.8515207767486572, 'Port': 0.1099635437130928, 'Ha': 0.007600954733788967, 'P': 0.004610212054103613, '#': 0.0026681863237172365}, 'ait': {'ait': 0.9992640614509583, 'ond': 0.00029582687420770526, 'av': 6.397704419214278e-05, 'ain': 4.754370456794277e-05, 'ai': 3.9415117498720065e-05}, 'i': {'i': 0.9983687996864319, 'ian': 0.00068720179842785, '√≠': 0.0001606941659701988, '√Ø': 9.595487063052133e-05, 'I': 8.467987208859995e-05}}","[-0.3229167, 51.3428601, -0.234011, 51.437266]"
33,2021-08-16T22:15:43.000Z,"The death toll #Haiti #haitiearthquake is over 1,400!!!",-1,"{'none': {'14': 0.39564427733421326, '13': 0.12352617084980011, '1': 0.1225648745894432, 'over': 0.0698353573679924, '1500': 0.03979099169373512}}",1400,"{'14': {'14': 0.2530446946620941, '1': 0.19861705601215363, '13': 0.12332414090633392, 'none': 0.05871109291911125, 'over': 0.04717568680644035}, '00': {'00': 0.8101836442947388, '40': 0.08276546746492386, '400': 0.020124709233641624, '04': 0.017484651878476143, '000': 0.00879183504730463}}",Haiti,"{'H': {'H': 0.9215418100357056, 'Ha': 0.0265538077801466, 'Port': 0.021672585979104042, '#': 0.005971425212919712, 'HA': 0.0034559958148747683}, 'ait': {'ait': 0.9994803071022034, 'ond': 0.00015837897080928087, 'ai': 9.606170351617038e-05, 'ain': 5.736106322729029e-05, 'av': 4.6816734538879246e-05}, 'i': {'i': 0.9988827109336853, 'ian': 0.0004105581610929221, '√≠': 0.00015341438120231032, 'ia': 8.538796100765467e-05, 'I': 7.835639553377405e-05}}","[-77.064086, 38.979735, -76.97162, 39.036964]"
34,2021-08-16T17:29:38.000Z,"@NJGuy4Biden @GOP Or close to home humanitarian news-Death toll of powerful earthquake in Haiti soars to 1,297-",297,"{'297': {'1': 0.3345738649368286, 'none': 0.13000139594078064, '13': 0.12502112984657288, '12': 0.0746535211801529, '14': 0.06335761398077011}}",0,"{'0': {'none': 0.512610912322998, '1': 0.14686548709869385, '13': 0.031269464641809464, '3000': 0.028249606490135193, '12': 0.02532278560101986}}",Haiti,"{'H': {'H': 0.8221387267112732, 'Port': 0.08398675918579102, 'Ha': 0.02482643909752369, 'P': 0.00906206201761961, '\n': 0.005989656783640385}, 'ait': {'ait': 0.9990142583847046, 'av': 0.00026928610168397427, 'ond': 0.00020326780213508755, 'ain': 5.179724394110963e-05, 'oll': 4.065611574333161e-05}, 'i': {'i': 0.9984180927276611, '√≠': 0.00047976788482628763, 'ian': 0.0003915751294698566, 'I': 0.00013116124318912625, 'is': 9.521284664515406e-05}}","[-97.233811, 32.586565, -97.037464, 32.817135]"
35,2021-08-16T10:32:27.000Z,"the fall of #Afghanistan  is huge news but another long suffering country has had a disastrous event too. #Haiti\nBBC News - Haiti earthquake: Rescuers search for survivors as death toll climbs to 1,297\nhttps://t.co/smlc2b3wta",1000,"{'1000': {'1': 0.5453893542289734, 'none': 0.05748361349105835, '13': 0.04878571256995201, '14': 0.03653880953788757, '12': 0.033529896289110184}}",37842,"{'37': {'3000': 0.1409357786178589, '1': 0.10391952842473984, '5000': 0.08750902116298676, 'none': 0.054761745035648346, '4000': 0.03763715550303459}, ',': {'00': 0.15384486317634583, '|': 0.1514597237110138, '50': 0.07154450565576553, '000': 0.0704353079199791, '97': 0.05748762562870979}, '8': {'000': 0.7098954916000366, '500': 0.07902824878692627, '8': 0.022465767338871956, '9': 0.02211747132241726, '700': 0.013840760104358196}, '42': {'98': 0.035657063126564026, '95': 0.02842829003930092, '90': 0.02568282186985016, '78': 0.025087878108024597, '67': 0.024892641231417656}}",Afghanistan,"{'Af': {'H': 0.7373545169830322, 'Af': 0.17789506912231445, 'Port': 0.01616351306438446, '\n': 0.007877466268837452, 'Ha': 0.006790800020098686}, 'ghan': {'ghan': 0.9948963522911072, 'rica': 0.0027084825560450554, 'gan': 0.001642777817323804, 'gh': 0.0006138611934147775, 'g': 4.343785622040741e-05}, 'istan': {'istan': 0.9990605711936951, 'ist': 0.0004106312699150294, '|': 0.00014302338240668178, 'istani': 5.428555959952064e-05, 'ast': 5.020593016524799e-05}}","[-9.3668222, 52.2799713, -8.1558156, 52.7568583]"
36,2021-08-16T04:02:13.000Z,"Every passing day, death toll from earthquake in #Haiti is increasing. Ya ALLAH, reham.",-1,"{'none': {'none': 0.2195172905921936, '5000': 0.062403321266174316, 're': 0.05337638407945633, '4': 0.03419419750571251, 'Re': 0.029941441491246223}}",769,"{'7': {'none': 0.17984101176261902, '5000': 0.11079683899879456, '6000': 0.07042675465345383, '3000': 0.04271598905324936, '2000': 0.03275148198008537}, '69': {',': 0.30236709117889404, '000': 0.13313041627407074, '|': 0.1320943981409073, '0000': 0.022775929421186447, '15': 0.021903399378061295}}",Haiti,"{'H': {'H': 0.8926990032196045, 'Port': 0.050362635403871536, 'Ha': 0.013661231845617294, 'P': 0.004648000001907349, '#': 0.0036768706049770117}, 'ait': {'ait': 0.9990206956863403, 'ond': 0.00043709727469831705, 'av': 0.00010062550427392125, 'ai': 6.49687135592103e-05, 'ain': 6.19935744907707e-05}, 'i': {'i': 0.998531699180603, 'ian': 0.0003795708471443504, '√≠': 0.00024506935733370483, 'I': 0.00011396782792871818, '√Ø': 9.086307545658201e-05}}","[74.267586, 31.451222, 74.449387, 31.612417]"
37,2021-08-16T03:45:30.000Z,Over 1200 fatalities reported in #Haiti Earthquake https://t.co/gNfvhDc7sv,-1,"{' ': {' |': 0.5067465901374817, ' ': 0.426723450422287, ' 1200': 0.01278565265238285, '\n': 0.010114283300936222, ' 12': 0.008517080917954445}, ' |': {' ': 0.5638296008110046, ' |': 0.4061112403869629, ' 1200': 0.005484574940055609, ' 12': 0.004878081846982241, '\n': 0.002757817506790161}, '1200': {'1200': 0.6252431869506836, '12': 0.21948102116584778, 'none': 0.032878804951906204, 'over': 0.029243014752864838, '13': 0.016023850068449974}}",1200,"{'none': {'none': 0.33421027660369873, '4000': 0.05899161845445633, '6000': 0.04703221470117569, '5000': 0.044182680547237396, '0': 0.03899107873439789}}",,"{'H': {'H': 0.9654735922813416, '\n': 0.006404454354196787, 'Port': 0.005478020291775465, '#': 0.00461295573040843, 'Ha': 0.0038844977971166372}, 'ait': {'ait': 0.9998090863227844, 'ai': 4.132921094424091e-05, 'ond': 4.0688461012905464e-05, 'av': 2.2470305339084007e-05, 'ain': 1.5204166629700921e-05}, 'i': {'i': 0.9991047978401184, 'ian': 0.00034580149804241955, '√≠': 0.00013541782391257584, '√Ø': 5.4287964303512126e-05, 'ia': 4.465605888981372e-05}}","[-93.581326, 41.636771, -93.541837, 41.6733128]"
38,2021-08-16T03:34:06.000Z,Death toll rises to 1300 at #Haiti,1300,"{'13': {'13': 0.8607853651046753, '12': 0.05996629595756531, 'none': 0.01588948629796505, '1200': 0.007804653141647577, '1': 0.007743917405605316}, '00': {'00': 0.996235191822052, '000': 0.0008336395840160549, '01': 0.0006341994740068913, '|': 0.0005596791743300855, '30': 0.0003613560111261904}}",400000,"{'400': {'none': 0.33242374658584595, '5000': 0.04864433780312538, '6000': 0.039393384009599686, '3000': 0.034494005143642426, '1000': 0.03190173953771591}, ',': {'|': 0.9458709955215454, '000': 0.014362291432917118, '3': 0.005757732316851616, ',': 0.0037466275971382856, '2': 0.00320466049015522}, '000': {'000': 0.9630190134048462, '00': 0.011841800063848495, '0000': 0.003041225718334317, ' 000': 0.002260047011077404, '500': 0.0018018666887655854}}",Haiti,"{'H': {'H': 0.9570192694664001, '#': 0.009680112823843956, 'Port': 0.009093624539673328, 'Ha': 0.007900677621364594, '\n': 0.002730401000007987}, 'ait': {'ait': 0.9993232488632202, 'ond': 0.00033003822318278253, 'ai': 7.026920502539724e-05, 'av': 5.690573379979469e-05, 'ain': 3.9726604882162064e-05}, 'i': {'i': 0.9983939528465271, 'ian': 0.0005187402130104601, 'ia': 0.00016450908151455224, '√≠': 0.00013218676031101495, '√Ø': 8.94420372787863e-05}}","[-95.438435, 29.497739, -95.215364, 29.59803]"
39,2021-08-16T01:38:22.000Z,"Death toll of powerful #Haiti earthquake soars over 1,200",1201,"{'12': {'1200': 0.33447501063346863, '12': 0.2193540781736374, '1': 0.10280918329954147, '13': 0.08325742185115814, '14': 0.03665774315595627}, '01': {'20': 0.26078274846076965, '02': 0.18783476948738098, '01': 0.08270253241062164, '12': 0.026640634983778, '21': 0.026433316990733147}}",5000,"{'5000': {'none': 0.11023257672786713, '5000': 0.06633913516998291, '6000': 0.06087620556354523, '1000': 0.04704148694872856, '12': 0.04704148694872856}}",Haiti,"{'H': {'H': 0.922019362449646, 'Port': 0.03519630804657936, 'Ha': 0.00969760399311781, 'P': 0.006561726331710815, '#': 0.003948916681110859}, 'ait': {'ait': 0.9988349080085754, 'ond': 0.0006067365757189691, 'av': 0.00012230676657054573, 'ain': 8.605355105828494e-05, 'ai': 4.903183798887767e-05}, 'i': {'i': 0.9983805418014526, 'ian': 0.0005608844221569598, '√≠': 0.00017926940927281976, 'ia': 0.00012035579129587859, '√Ø': 8.668903319630772e-05}}","[-80.498029, 25.726759, -80.383636, 25.7898358]"
40,2021-08-16T00:56:43.000Z,"Heartbreaking.  Already nearly 1300 casualties and countless hurt. Sadly, numbers will rise.  \n#Haiti #earthquake\nPhotos Show The Devastation Caused By Haiti Earthquake.\nhttps://t.co/t4kDzM1O0D",1300,"{'13': {'13': 0.793958306312561, '12': 0.07213890552520752, 'none': 0.017956793308258057, '1': 0.009315861389040947, '14': 0.00815724115818739}, '00': {'00': 0.9692725539207458, '90': 0.004523826763033867, '01': 0.0036349971778690815, '|': 0.0028089082334190607, '10': 0.0015035001561045647}}",5000,"{'5000': {'6000': 0.17037467658519745, 'none': 0.10173536837100983, '4000': 0.09937867522239685, '5000': 0.0948277935385704, '3000': 0.05155697837471962}}",Haiti,"{'H': {'H': 0.9443215131759644, 'Port': 0.026788339018821716, 'Ha': 0.006564764771610498, '#': 0.002611282980069518, 'P': 0.0017668824875727296}, 'ait': {'ait': 0.9993199110031128, 'ond': 0.00024912512162700295, 'ai': 7.59788672439754e-05, 'av': 6.705110718030483e-05, 'ain': 4.905564492219128e-05}, 'i': {'i': 0.999258816242218, 'ian': 0.0001822526683099568, '√≠': 0.00010384444613009691, 'is': 5.180992229725234e-05, 'ii': 5.140673238201998e-05}}","[-83.800262, 42.215087, -83.659681, 42.326592]"
41,2021-08-16T00:54:11.000Z,"This is appalling. I am so, so sorry to the people of #Haiti\nPlease, please can we send some help @BorisJohnson and @DominicRaab?? \nDeath toll from Haiti quake jumps to 724 as tropical storm looms https://t.co/Cf0r1Dbu6P via https://t.co/McTOn1C34H",624,"{'6': {'7': 0.4949299991130829, 'none': 0.2733262777328491, '24': 0.07356477528810501, '725': 0.008924419991672039, '72': 0.00878605991601944}, '24': {'24': 0.9228491187095642, '|': 0.017168747261166573, '22': 0.008976887911558151, '34': 0.008433005772531033, '64': 0.006723377853631973}}",4000,"{'4000': {'4000': 0.7583716511726379, '4': 0.03033868409693241, 'none': 0.02534891664981842, '40': 0.02381310611963272, '400': 0.020689185708761215}}",Haiti,"{'H': {'H': 0.9429435729980469, 'Port': 0.025524312630295753, 'Ha': 0.010312753729522228, ' Haiti': 0.002030701842159033, 'T': 0.001544876373372972}, 'ait': {'ait': 0.9995130300521851, 'ond': 0.00016341180889867246, 'ai': 7.719027053099126e-05, 'ain': 4.3981694034300745e-05, 'av': 3.973415005020797e-05}, 'i': {'i': 0.9990076422691345, 'ian': 0.00023033106117509305, '√≠': 0.00016590124869253486, 'I': 9.906415652949363e-05, 'ii': 8.022459951462224e-05}}","[-1.476463, 50.883056, -1.3164712, 50.959599]"
42,2021-08-15T21:35:15.000Z,Death toll in massive #Haiti quake jumps to 724: govt https://t.co/7nXVhGj2Fh,724,"{'7': {'7': 0.5494871139526367, 'none': 0.26364681124687195, '24': 0.07732735574245453, '74': 0.010882003232836723, '720': 0.006397200282663107}, '24': {'24': 0.9957994818687439, '23': 0.0017778787296265364, '22': 0.00043910506065003574, '21': 0.00026633069501258433, '240': 0.0002058044046862051}}",6000,"{'6000': {'none': 0.6818326711654663, '4000': 0.049391794949769974, '3': 0.02426043339073658, '7': 0.020270351320505142, '0': 0.017888521775603294}}",Haiti,"{'H': {'H': 0.9576670527458191, 'Port': 0.018382061272859573, 'Ha': 0.007427023258060217, '#': 0.002355345990508795, ' Haiti': 0.0020785857923328876}, 'ait': {'ait': 0.9994743466377258, 'ond': 0.00030528163188137114, 'ain': 3.53389150404837e-05, 'ai': 3.398510307306424e-05, 'av': 2.709528780542314e-05}, 'i': {'i': 0.9990058541297913, 'ian': 0.0004236428940203041, 'ia': 0.00010381815081927925, '√≠': 7.715110405115411e-05, 'ii': 4.60690280306153e-05}}","[36.6645733, -1.3890532, 37.0626672, -1.1606735]"
43,2021-08-15T20:37:36.000Z,#Earthquake in #HAITI\nhttps://t.co/glN5yUwkiF\n\nPORT-AU-PRINCE (Reuters) -  The death toll from a devastating earthquake in Haiti rose to 724 on Sunday as rescue workers scrambled to find survivors buried un...,7005,"{'700': {'7': 0.6245517134666443, 'none': 0.06380197405815125, '24': 0.047044627368450165, ' 7': 0.04667852073907852, '74': 0.038697853684425354}, '5': {'|': 0.7905665040016174, '4': 0.06096194311976433, '8': 0.02057984657585621, '2': 0.019033245742321014, '6': 0.017740938812494278}}",724,"{'7': {'7': 0.13798581063747406, '\n': 0.12962566316127777, '4000': 0.09784658253192902, 'none': 0.09049329906702042, '4': 0.06724891066551208}, '24': {'24': 0.8564288020133972, '000': 0.029305381700396538, '200': 0.013106178492307663, '|': 0.012506002560257912, '23': 0.006906469818204641}}",Haiti,"{'H': {'H': 0.6843780279159546, 'Port': 0.16255402565002441, 'HA': 0.04880756884813309, '\n': 0.03175969049334526, 'Ha': 0.026536215096712112}, 'ait': {'ait': 0.999221920967102, 'ai': 0.00016593684267718345, 'ain': 0.00011053775961045176, 'ond': 7.96173553681001e-05, 'av': 6.056969505152665e-05}, 'i': {'i': 0.9982581734657288, 'I': 0.00047969105071388185, 'ian': 0.00047225411981344223, '√≠': 0.0001938126952154562, 'is': 0.0001130499440478161}}","[-80.498527, 25.65479, -80.4158778, 25.6886916]"
44,2021-08-15T19:20:01.000Z,Haiti death toll is standing at 724ppl and counting #Haitiearthquake2021,740,"{'740': {'7': 0.6114968657493591, 'none': 0.18943288922309875, '24': 0.08021093159914017, '74': 0.019201191142201424, '72': 0.0065328762866556644}}",5000,"{'5000': {'none': 0.11068637669086456, '4000': 0.09921862930059433, '7': 0.09393831342458725, '3000': 0.06926576793193817, '3': 0.04686756432056427}}",Port-au-Prince,"{'Port': {'H': 0.8746016621589661, 'Port': 0.05768623575568199, 'Ha': 0.014585363678634167, '#': 0.007868213579058647, 'P': 0.007276908028870821}, '-': {'-': 0.9948766827583313, ' Prince': 0.0016817018622532487, 'Prince': 0.001052382169291377, 'p': 0.0008589292410761118, ' -': 0.0005949629121460021}, 'au': {'au': 0.8988938927650452, 'A': 0.07612790912389755, 'a': 0.011674593202769756, 'de': 0.003424147143959999, 'AU': 0.0018471889197826385}, 'Prince': {'Prince': 0.9912350177764893, 'pr': 0.004963329061865807, 'Prin': 0.000889875867869705, ' Prince': 0.000407414830988273, 'Pr': 0.00036520432331599295}}","[-61.9305415, 10.0424194, -60.4930236, 11.3585325]"
45,2021-08-15T17:01:28.000Z,"Let's pray for our brothers and sisters in Haiti as the death toll continues to rise over 700 people from the tropical storm. @ Atlanta, Georgia https://t.co/RafEfZ5d7a",700,"{'700': {'700': 0.7390767335891724, 'none': 0.10985394567251205, '7': 0.05395844951272011, '70': 0.019239475950598717, '701': 0.006053969729691744}}",5000,"{'5000': {'none': 0.424351304769516, '5000': 0.06558678299188614, 'Atlanta': 0.046872757375240326, '3000': 0.03650454059243202, '500': 0.030263327062129974}}",Haiti,"{'H': {'H': 0.872282087802887, 'Atlanta': 0.027176780626177788, 'Port': 0.015008442103862762, 'Georgia': 0.011328967288136482, 'Ha': 0.009103081189095974}, 'ait': {'ait': 0.9993174076080322, 'ai': 0.00015835315571166575, 'ond': 0.00010224048310192302, 'av': 7.717516564298421e-05, 'ain': 4.867376628681086e-05}, 'i': {'i': 0.9977630376815796, 'ian': 0.0006976001895964146, '√≠': 0.0003913182008545846, 'I': 0.0003913182008545846, 'ip': 0.00011658068979158998}}","[-84.576827, 33.6475029, -84.289385, 33.8868859]"
46,2021-08-15T16:23:51.000Z,"Gosh, another huge earthquake / tsunami in Haiti. \n\nDeath toll over 700.\n\n#PrayForHaiti üôèüèª",7034,"{'70': {'700': 0.6597428321838379, 'none': 0.12591412663459778, '7': 0.0711853876709938, '70': 0.016387807205319405, 'over': 0.015759998932480812}, '34': {'|': 0.6235018968582153, '70': 0.03356476500630379, '50': 0.024175791069865227, '71': 0.01674608141183853, '+': 0.016230858862400055}}",3000,"{'3000': {'none': 0.11096399277448654, '5000': 0.08709663152694702, '7': 0.07626436650753021, '700': 0.06889911741018295, '6000': 0.06422103196382523}}",Haiti,"{'H': {'H': 0.9022681713104248, 'Port': 0.037827517837285995, 'Ha': 0.01391596533358097, 'P': 0.011094775050878525, ' Haiti': 0.003410253906622529}, 'ait': {'ait': 0.9987356066703796, 'ond': 0.0004041335196234286, 'ain': 0.0002197235735366121, 'ai': 0.00013966481492388994, 'oll': 9.903718455461785e-05}, 'i': {'i': 0.9981604218482971, 'ian': 0.0005969266640022397, 'I': 0.00023744101054035127, '√≠': 0.00020151358330622315, 'ia': 0.00015693892783019692}}","[-103.0026515, 33.615765, -94.431332, 37.002328]"
47,2021-08-15T15:51:07.000Z,"PORT-AU-PRINCE, Haiti (AP) ‚Äî Haiti quake death toll soars to 724, according to civil defense director.  ##PrayForHaiti https://t.co/sV0CYmLTbb",724,"{'7': {'7': 0.6760683059692383, '24': 0.1103651151061058, 'none': 0.0852835550904274, '74': 0.015410423278808594, '3': 0.015410423278808594}, '24': {'24': 0.9958469271659851, '23': 0.0015089379157871008, '22': 0.0005014975904487073, '26': 0.0002173831162508577, '21': 0.00021234745508991182}}",4000,"{'4000': {'4000': 0.36606132984161377, 'none': 0.2636640965938568, '3000': 0.0626257061958313, '5000': 0.04204491153359413, '6000': 0.027359144762158394}}",Port-au-Prince,"{'Port': {'H': 0.7045433521270752, 'Port': 0.1781364530324936, 'P': 0.06156231090426445, 'PORT': 0.010208032093942165, '#': 0.009589559398591518}, '-': {'-': 0.9986464381217957, ' Prince': 0.0005148335476405919, 'Prince': 0.0003796144446823746, ' -': 9.980503091355786e-05, '‚Äì': 6.0063724959036335e-05}, 'au': {'au': 0.9190836548805237, 'A': 0.06554599851369858, 'a': 0.004460461437702179, 'AU': 0.004391307942569256, '√†': 0.0022428606171160936}, 'Prince': {'Prince': 0.9642311930656433, 'pr': 0.02267654426395893, 'Pr': 0.00538615183904767, 'Prin': 0.0042607965879142284, 'PR': 0.0009359727264381945}}","[-80.257234, 26.6655153, -80.1562012, 26.736442]"
48,2021-08-15T13:40:28.000Z,"The death toll in Haiti has risen to 304 with another 1800 people injured, according to a BBC Report. #PrayForHaiti",-1,"{' |': {' |': 0.5427536964416504, ' ': 0.4096919596195221, '\n': 0.011990989558398724, ' 304': 0.007329945918172598, ' #': 0.003572329878807068}, '304': {'304': 0.8685033321380615, '300': 0.015417780727148056, '30': 0.014483664184808731, 'none': 0.014148150570690632, '3': 0.01248569879680872}}",304,"{'1800': {'1800': 0.9107797145843506, '18': 0.0266569796949625, '17': 0.012396647594869137, '2000': 0.004742140416055918, '1900': 0.0040879808366298676}}",1800,"{'H': {'H': 0.9331424236297607, 'Ha': 0.021605174988508224, 'Port': 0.01174652948975563, 'P': 0.0074084424413740635, 'HA': 0.004564209841191769}, 'ait': {'ait': 0.9994996786117554, 'ai': 0.0001252905058208853, 'ond': 6.706317071802914e-05, 'ain': 5.9647223679348826e-05, 'av': 4.64533077320084e-05}, 'i': {'i': 0.9983356595039368, 'ian': 0.00039154276601038873, 'I': 0.0003297120565548539, '√≠': 0.00016194912313949317, 'ia': 0.00013115041656419635}}","[-78.3688776, 17.7057855, -76.183028, 18.5250291]"
49,2021-08-15T13:33:06.000Z,Thanks everyone for their calls and messages. My family are well but the overall death toll continues to rise with over 300 deaths so far as the authorities continue to search for bodies in rubble of collapsed building/houses. Let's keep praying for #Haiti. Better days ahead,300,"{'300': {'300': 0.7594431638717651, '3000': 0.07345316559076309, 'none': 0.04525318369269371, 'over': 0.03061983548104763, '3': 0.01180499792098999}}",3000,"{'3000': {'3000': 0.3549010455608368, '4000': 0.17296496033668518, 'none': 0.06988415867090225, '2000': 0.0527513325214386, '5000': 0.04840734601020813}}",Porte-Au-Prince,"{'Port': {'H': 0.8834002614021301, 'Port': 0.04681849852204323, '#': 0.011930413544178009, 'Ha': 0.007885521277785301, 'P': 0.005591671913862228}, 'e': {'-': 0.7316887974739075, ' au': 0.23023608326911926, ' Au': 0.01734263263642788, ' -': 0.0021877100225538015, 'au': 0.0018859239062294364}, '-': {'-': 0.9886904954910278, 'bert': 0.009248915128409863, 'co': 0.0004498095076996833, ' -': 0.00016038450121413916, 'ver': 0.00014489532622974366}, 'A': {'au': 0.6048480272293091, '√†': 0.11725512892007828, 'a': 0.110151007771492, 'A': 0.035206373780965805, 'sur': 0.028734605759382248}, 'u': {'u': 0.5192817449569702, 'lf': 0.2452913522720337, 'venue': 0.029295874759554863, 'leg': 0.02795431762933731, 'uber': 0.017768844962120056}, 'Prince': {'Prince': 0.9497336745262146, 'Po': 0.014197368174791336, 'B': 0.009606420062482357, 'N': 0.0046817949041724205, 'Pain': 0.002177236834540963}}","[-0.510364798739281, 51.2867019756122, 0.334043461659515, 51.6918240878432]"
50,2021-08-15T12:56:45.000Z,We have written to @DominicRaab on the humanitarian crisis engulfing Afghanistan. The killings of women and children is rising dramatically and the number of IDPs and refugees fleeing their homes is increasing. Cutting Britain‚Äôs aid is a retreat from the International stage. https://t.co/T9FEcfUX5s,3000,"{'3000': {'none': 0.4512832760810852, '4000': 0.14651022851467133, '5000': 0.04907478019595146, '3000': 0.039125826209783554, '6000': 0.024293778464198112}}",45000,"{'45': {'5000': 0.19344593584537506, 'none': 0.1268649399280548, '4000': 0.08787677437067032, '6000': 0.08517308533191681, '3000': 0.04282772168517113}, '000': {'000': 0.5298367142677307, '00': 0.2792043387889862, '0000': 0.0508468896150589, ',': 0.04417654126882553, '|': 0.020705128088593483}}",Afghanistan,"{'Af': {'Af': 0.974796712398529, 'K': 0.0047308458015322685, '#': 0.0034342254512012005, ' Afghanistan': 0.001634936430491507, 'AF': 0.001344862044788897}, 'ghan': {'ghan': 0.9977279305458069, 'gan': 0.001243563019670546, 'gh': 0.0006656313198618591, 'rica': 0.0001462197833461687, 'g': 0.0001331346429651603}, 'istan': {'istan': 0.9987837672233582, '|': 0.0004799436137545854, 'ist': 0.0003737804654520005, 'istani': 6.101797771407291e-05, 'stan': 5.914065332035534e-05}}","[-3.062965, 53.585124, -2.943696, 53.6801083]"
51,2021-08-15T11:19:42.000Z,Haiti earthquake: Death toll rises to 304 and state of emergency declared following 7.2-magnitude earthquake in western #Haiti| World News | Sky News #Haitiearthquake2021 https://t.co/4GDU4nZ6VI,304,"{'304': {'304': 0.9535607099533081, 'none': 0.010844310745596886, '30': 0.00541042722761631, '300': 0.0041483184322714806, '3': 0.0034932345151901245}}",4000,"{'4000': {'none': 0.26461851596832275, '4000': 0.16302675008773804, '3000': 0.14499899744987488, '5000': 0.04219711571931839, '7': 0.03312089666724205}}",Haiti,"{'H': {'H': 0.9205036759376526, 'Port': 0.01476277131587267, 'Western': 0.013653330504894257, '#': 0.009681661613285542, 'Ha': 0.003851098706945777}, 'ait': {'ait': 0.9990198612213135, 'ond': 0.00031978695187717676, 'ain': 0.0001262125588255003, 'av': 0.00010301169095328078, 'ai': 9.829444024944678e-05}, 'i': {'i': 0.9984270334243774, 'ian': 0.0005027969018556178, 'ia': 0.00025680355611257255, '√≠': 0.00012912893726024777, 'I': 0.00011218916188227013}}","[101.6682318, 3.1049064, 101.7423782, 3.1921549]"
52,2021-08-15T04:50:16.000Z,Earthquake of 7.2 magnitude hits #Haiti. Devastating and tragic news. 300 feared death and massive damages to infrastructure. #HaitiQuake üò≠ https://t.co/fkLwEHAjYT,3000,"{'3000': {'300': 0.8438030481338501, 'none': 0.06609176099300385, '3000': 0.03455687686800957, '3': 0.007415289990603924, '30': 0.006647023838013411}}",6000,"{'6000': {'300': 0.25046586990356445, 'none': 0.16684624552726746, '100': 0.06482946127653122, '3000': 0.05811275541782379, '500': 0.03311164677143097}}",Haiti,"{'H': {'H': 0.9617090225219727, '#': 0.007877608761191368, 'Port': 0.007006490137428045, 'Ha': 0.005206781439483166, 'P': 0.001539121731184423}, 'ait': {'ait': 0.9995296001434326, 'ond': 0.00024531426606699824, 'av': 6.106353976065293e-05, 'ai': 3.561804987839423e-05, 'ain': 1.7494998246547766e-05}, 'i': {'i': 0.9987233281135559, 'ian': 0.0004951486480422318, '√≠': 0.00017933096387423575, '√Ø': 8.146477193804458e-05, 'I': 7.834389543859288e-05}}","[72.4367386, 22.9232559, 72.7037246, 23.1046616]"
53,2021-08-15T04:01:58.000Z,"Due to 7.2-magnitude earthquake struck Haiti, at least 304 people died, wounding more than 1,800 others, and causing a landslide which blocked a national highway.\nThe number of casualties is expected to increase.\n #PrayForHaiti #haitiearthquake #Haiti https://t.co/GSF5xicK1O",304,"{'304': {'304': 0.8794875741004944, 'none': 0.02456234209239483, '3': 0.015491276048123837, '300': 0.007260614074766636, '30': 0.007260614074766636}}",1800,"{'1800': {'1800': 0.46112194657325745, '18': 0.12804894149303436, '1': 0.10289021581411362, '17': 0.05255118012428284, 'none': 0.026631642132997513}}",Haiti,"{'H': {'H': 0.9444934129714966, 'Ha': 0.01170508936047554, 'Port': 0.007736591622233391, 'P': 0.007382307201623917, '#': 0.004803758580237627}, 'ait': {'ait': 0.9992838501930237, 'ond': 0.0001822572376113385, 'ai': 0.00016084146045614034, 'ain': 7.306552288355306e-05, 'av': 6.348043098114431e-05}, 'i': {'i': 0.9987397789955139, 'ian': 0.0004041352076455951, 'I': 0.00018794032803270966, 'ia': 0.00017655359988566488, 'is': 9.750216122483835e-05}}","[79.6505263, 5.9213829, 81.8787816, 9.8359375]"
54,2021-08-14T23:48:03.000Z,"The death toll in #Haiti increased to at least 304, the country's civil protection agency confirmed to @ABC News. \n\nOver 1,800 people are injured. #EarthquakeHaiti",304,"{'304': {'304': 0.9567386507987976, 'none': 0.00724794389680028, '300': 0.004162143915891647, ' 304': 0.0034776011016219854, '30': 0.0034236859064549208}}",1800,"{'1800': {'1800': 0.508167564868927, '17': 0.09774614870548248, '18': 0.08103440701961517, '1': 0.04726694896817207, '1500': 0.03173353150486946}}",Haiti,"{'H': {'H': 0.9813202619552612, 'Port': 0.005149495787918568, 'Ha': 0.0031973947770893574, '#': 0.0023210595827549696, '\n': 0.0007594478665851057}, 'ait': {'ait': 0.9996824264526367, 'ond': 0.00012337061343714595, 'ai': 4.756360794999637e-05, 'av': 3.218315032427199e-05, 'ain': 1.8337403162149712e-05}, 'i': {'i': 0.9991753697395325, 'ian': 0.0003248734283261001, '√≠': 9.754468919709325e-05, 'ia': 5.221191167947836e-05, 'is': 5.221191167947836e-05}}","[-66.041626, 18.424088, -65.981677, 18.457703]"
55,2021-08-14T21:03:46.000Z,"Let‚Äôs keep Haiti üá≠üáπ #Haiti in our prayers. The toll has risen to at least 227 deaths, with hundreds injured and missing, after a 7.2 magnitude earthquake struck Haiti. Prime Minister Ariel Henry said he was rushing aid to damaged towns and hospitals overwhelmed with casualties.",227,"{'227': {'227': 0.6421253085136414, '22': 0.10239583253860474, 'none': 0.04473342373967171, '27': 0.020162934437394142, 'at': 0.018502548336982727}}",300,"{'300': {'none': 0.19887538254261017, '300': 0.13992631435394287, '200': 0.07727465033531189, '100': 0.0531100295484066, 'h': 0.05187974497675896}}",Haiti,"{'H': {'H': 0.9568861126899719, 'Port': 0.01499076560139656, 'Ha': 0.007305915001779795, '#': 0.007305915001779795, 'P': 0.001592407119460404}, 'ait': {'ait': 0.9995378255844116, 'ai': 0.00014879183436278254, 'av': 5.473745477502234e-05, 'ain': 5.3053365263622254e-05, 'ond': 4.868450196227059e-05}, 'i': {'i': 0.9988425970077515, 'ian': 0.0005109274061396718, '√≠': 0.0001375142455799505, 'I': 7.653820648556575e-05, 'ia': 7.53515851101838e-05}}","[-61.0797364, 13.7079554, -60.872973, 14.1101013]"
56,2021-08-14T20:17:58.000Z,"227 dead and hundreds of wounded, provisional death toll from 14 August #Haiti #haitiearthquake https://t.co/ZrzzghZLXx",3302,"{'3': {'227': 0.5832036137580872, 'none': 0.06195132061839104, '22': 0.06099085509777069, '27': 0.03368235006928444, '14': 0.031151078641414642}, '302': {'0000': 0.5096725225448608, '|': 0.194967120885849, '200': 0.07635021954774857, '100': 0.04630875214934349, ',': 0.0372101254761219}}",2401,"{'24': {'none': 0.0855744406580925, '22': 0.06876099854707718, '227': 0.05700487270951271, '14': 0.054394423961639404, '27': 0.03979581594467163}, '01': {'|': 0.1951630413532257, '00': 0.15559755265712738, '000': 0.12023646384477615, '50': 0.0328708216547966, ',': 0.03063897229731083}}",Port Au Prince,"{'Port': {'H': 0.891291081905365, 'Port': 0.03221262991428375, 'Ha': 0.0302609633654356, 'HA': 0.005177040584385395, '#': 0.0043595051392912865}, ' Au': {'-': 0.6874156594276428, ' au': 0.277741014957428, ' Au': 0.01506880484521389, 'au': 0.0034962433855980635, ' de': 0.0015636167954653502}, ' Prince': {' Prince': 0.9499521851539612, 'Prince': 0.030062740668654442, ' Pr': 0.006501524709165096, ' Pa': 0.004132620524615049, '-': 0.0032184880692511797}}","[-3.3285119, 55.894729, -3.077505, 55.991662]"
57,2021-08-14T19:50:12.000Z,DEVELOPING: At least 227 people confirmed dead after 7.2M #earthquake rocks Haiti; death toll expected to rise. #BREAKING,227,"{'227': {'227': 0.5379108190536499, 'none': 0.11909008771181107, '22': 0.0942080169916153, '27': 0.02400633506476879, '226': 0.018406294286251068}}",8000000,"{'8': {'none': 0.4712495803833008, '7': 0.043153468519449234, '5000': 0.036623869091272354, '6000': 0.03308691084384918, '3000': 0.02458810620009899}, '000000': {'|': 0.2411838322877884, '0000': 0.18783415853977203, ',': 0.11662888526916504, '500': 0.07185296714305878, '200': 0.048618149012327194}}",Haiti,"{'H': {'H': 0.953280508518219, 'Port': 0.011813987977802753, 'Ha': 0.007627683226019144, 'HA': 0.005120984278619289, '#': 0.004312301520258188}, 'ait': {'ait': 0.9985352754592896, 'ai': 0.0003916210844181478, 'ond': 0.00036219030153006315, 'av': 0.00016843412595335394, 'ain': 0.00011576298129511997}, 'i': {'i': 0.9978222846984863, 'ian': 0.0008957895333878696, 'I': 0.00027320036315359175, '√≠': 0.0001983221882255748, 'ia': 0.00015087556676007807}}","[-122.523373, 48.910742, -122.413813, 48.9649531]"
58,2021-08-14T17:46:08.000Z,"US Geological Survey is estimating ""high casualties"" and widespread disaster after a 7.2-magnitude earthquake strikes near Haiti. #IPCC #Haiti #earthquake https://t.co/oUHGhGTkiz",-1,"{'~': {'IP': 0.22891363501548767, 'H': 0.16747678816318512, '~~': 0.08487311005592346, 'earth': 0.08421263098716736, '~': 0.07788394391536713}, '#': {'|': 0.747283399105072, ' |': 0.12784510850906372, '\n': 0.01827450655400753, '#': 0.013474775478243828, '>': 0.012365149334073067}, '1': {'|': 0.35681387782096863, '7': 0.10303068906068802, 'H': 0.08278747648000717, '#': 0.06298138946294785, ' |': 0.049822382628917694}}",4,"{'4': {'~': 0.12384777516126633, '5000': 0.08851001411676407, 'none': 0.05626038834452629, '7': 0.04964962229132652, '~~': 0.048879873007535934}}",Haiti,"{'H': {'H': 0.7321228384971619, 'Port': 0.03142207860946655, 'US': 0.027729889377951622, '~': 0.02447153814136982, 'USA': 0.014959151856601238}, 'ait': {'ait': 0.9988956451416016, 'ond': 0.00033509216154925525, 'av': 9.160910121863708e-05, 'ain': 8.27619296615012e-05, 'ai': 5.961117858532816e-05}, 'i': {'i': 0.9981675148010254, 'ian': 0.0006978829624131322, 'I': 0.0002732948923949152, '√≠': 0.0002567367919255048, 'ia': 5.595870243269019e-05}}","[69.328873, 27.708226, 75.382124, 34.019989]"
59,2021-08-14T17:21:30.000Z,I have a lot of friends in and from Haiti. The damage and death toll there is extensive. @DowningUt ‚Äî It‚Äôs time to mobilize the troops and do what we do. This is a serious humanitarian crisis.,6000,"{'6000': {'none': 0.29848891496658325, '10': 0.02886977791786194, '4': 0.025279222056269646, '6000': 0.02412160485982895, '3000': 0.023933885619044304}}",400,"{'400': {'4000': 0.12716536223888397, 'none': 0.12039775401353836, '5000': 0.1131032183766365, '4': 0.05384520813822746, '6000': 0.04534221068024635}}",Haiti,"{'H': {'H': 0.9507330060005188, 'Port': 0.01512892171740532, 'Ha': 0.007548097986727953, '#': 0.003977568354457617, 'HA': 0.0017376710893586278}, 'ait': {'ait': 0.9991764426231384, 'ond': 0.00032998976530507207, 'ai': 8.743858779780567e-05, 'oll': 5.916390728089027e-05, 'av': 4.680250640376471e-05}, 'i': {'i': 0.9984436631202698, 'ian': 0.0004368447989691049, 'I': 0.0002955840027425438, '√≠': 0.0002000021340791136, '√Ø': 7.473534060409293e-05}}","[-72.4823087, 21.1700363, -71.08259, 21.973612]"
60,2021-08-14T16:51:31.000Z,A lot of damage in Okay. So far 29 reported deaths. #haitiearthquake #tranbleman #lescayes #ayiti #haiti https://t.co/ZPTHugLeD3,12,"{'12': {'29': 0.8406468629837036, 'none': 0.11376917362213135, '28': 0.008503022603690624, '30': 0.002218145877122879, '19': 0.0019271584460511804}}",28,"{'28': {'29': 0.5037135481834412, 'none': 0.22352154552936554, '28': 0.02145071141421795, '30': 0.018063310533761978, '9': 0.0167058315128088}}",Trinidad and Tobago,"{'Tr': {'Okay': 0.3817027807235718, 'H': 0.15665049850940704, 'Ha': 0.11824600398540497, 'Tr': 0.10114117711782455, 'Les': 0.038090113550424576}, 'in': {'in': 0.7971502542495728, 'inity': 0.07892856001853943, 'an': 0.05096010863780975, 'ab': 0.01051621325314045, 'ance': 0.010353174060583115}, 'idad': {'idad': 0.9932335019111633, 'id': 0.003582159522920847, 'b': 0.0007508614216931164, 'abl': 0.00044140865793451667, 'iti': 0.00023812209838069975}, ' and': {' and': 0.6165913939476013, ' &': 0.1822640597820282, '&': 0.0821528509259224, '|': 0.06705120205879211, ' And': 0.01722017303109169}, ' Tob': {' Tob': 0.9734887480735779, ' T': 0.006820608861744404, ' #': 0.0030266267713159323, 'T': 0.0028880273457616568, ' tob': 0.0027130511589348316}, 'ago': {'ago': 0.992034375667572, 'ag': 0.0016638475935906172, 'a': 0.0015630401903763413, 'aga': 0.0010250667110085487, 'aco': 0.00045487063471227884}}","[-74.4798235, 18.0214258, -71.6284598, 20.0894352]"
61,2021-08-14T14:25:53.000Z,"Collapsed structures in the aftermath of the quake. #Haiti was earlier struck by 7.0 #earthquake in 2010 which killed more than 220,000 people. Prayers for people for Haiti. #haitiearthquake https://t.co/67wIolkOz7",-1,"{'none': {'220': 0.26679012179374695, 'none': 0.24102479219436646, '22': 0.12119487673044205, '4': 0.030642861500382423, '20': 0.027468083426356316}}",20000,"{'200': {'220': 0.16863863170146942, 'none': 0.14651578664779663, '4000': 0.06501598656177521, '7': 0.057826410979032516, '22': 0.056929901242256165}, '00': {'00': 0.6061990857124329, ',': 0.18201397359371185, '|': 0.09152237325906754, '0000': 0.06096704676747322, '000': 0.02925230748951435}}",Haiti,"{'H': {'H': 0.906032383441925, 'Ha': 0.03858351707458496, 'Port': 0.01659456267952919, 'HA': 0.005303940735757351, 'P': 0.003910880535840988}, 'ait': {'ait': 0.9984725117683411, 'ond': 0.0005787421250715852, 'av': 0.00020960649999324232, 'ai': 0.00017376989126205444, 'ain': 8.208308281609789e-05}, 'i': {'i': 0.998724639415741, 'ian': 0.0005699133616872132, 'I': 9.903610043693334e-05, 'ia': 8.083090506261215e-05, '√≠': 6.968059460632503e-05}}","[66.654132, 23.703272, 71.124185, 28.529442]"
62,2021-08-14T13:49:49.000Z,"BREAKING: 7.2 magnitude earthquake reported near #Haiti, according to @USGS_Quakes. Multiple reports of deaths and significant damage in the western part of the country. @wsvn",-1,"{'none': {'none': 0.41772758960723877, '7': 0.1432393342256546, '4': 0.03221169114112854, '3': 0.02955910749733448, '2': 0.02712496556341648}}",72,"{'7': {'7': 0.2990649342536926, 'none': 0.12663206458091736, 'H': 0.08240105211734772, 'multiple': 0.0307910218834877, '700': 0.028255430981516838}, '.': {'.': 0.6242913603782654, '200': 0.11369190365076065, '|': 0.09279262274503708, ',': 0.05991142615675926, '000': 0.02054370753467083}, '2': {'2': 0.9196600317955017, '1': 0.01607281155884266, '0': 0.014295454137027264, '3': 0.010540807619690895, '4': 0.008209188468754292}}",Haiti,"{'H': {'H': 0.9329886436462402, 'Port': 0.027737021446228027, '#': 0.005011977627873421, '\n': 0.004857775289565325, 'P': 0.0026618409901857376}, 'ait': {'ait': 0.9993165731430054, 'ond': 0.00016337969282176346, 'av': 0.00015110151434782892, 'ai': 6.70508889015764e-05, 'ain': 3.293429108452983e-05}, 'i': {'i': 0.9986060261726379, 'ian': 0.0005698456661775708, '√≠': 0.0001821336045395583, 'ia': 8.807405538391322e-05, 'ii': 6.343737186398357e-05}}","[-80.160678, 25.843873, -80.145169, 25.85511]"
63,2021-08-14T13:44:31.000Z,#BREAKING: #Tsunami waves possible after massive 7.2 earthquake in #Haiti. Reports of fatalities and injuries. https://t.co/vL32kIyPIL,-1,"{'none': {'none': 0.3729555904865265, '4': 0.04419655352830887, '1': 0.038398630917072296, '5': 0.03362296521663666, '3': 0.032844092696905136}}",500,"{'500': {'none': 0.1769416332244873, 'H': 0.05880679190158844, '5000': 0.053127508610486984, '6000': 0.05030011758208275, '7': 0.04473784938454628}}",Haiti,"{'H': {'H': 0.8923835754394531, 'Port': 0.04442916065454483, 'T': 0.00847945362329483, 'P': 0.006400627084076405, '#': 0.0050239101983606815}, 'ait': {'ait': 0.9991962313652039, 'ond': 0.00038580477121286094, 'av': 0.00012922841415274888, 'ain': 5.060657349531539e-05, 'ai': 4.828913006349467e-05}, 'i': {'i': 0.9986225366592407, 'ian': 0.000472426472697407, '√≠': 0.00027341945678927004, 'ii': 9.087134094443172e-05, 'I': 8.082263957476243e-05}}","[-106.448016, 39.597192, -106.277578, 39.652462]"
